,Regression (R²),Classification (Accuracy)
1-Day,-0.8125488962486003,0.5555555555555556
3-Day,-2.438784776067746,0.5555555555555556
7-Day,-6.154529214318548,0.5555555555555556
