,Regression (R²),Classification (Accuracy)
1-Day,-0.17699325840991212,0.558974358974359
3-Day,-0.23743455699384217,0.5282051282051282
7-Day,-0.3441626426023364,0.5179487179487181
