,Regression (R²),Classification (Accuracy)
1-Day,-0.17696305066463286,0.558974358974359
3-Day,-0.23739704644540707,0.5282051282051282
7-Day,-0.3447939264195237,0.5179487179487181
